<interface>
	<name>Get Huawei Server HMM CPU Usage</name>
	<script_path>|path_php_binary| -q |path_cacti|/plugins/hwserver/resouce/scripts/query_hmm_blade_cpu.php</script_path>
	<arg_prepend>|host_hostname| |host_id| |host_snmp_version|:|host_snmp_port|:|host_snmp_timeout|:|host_ping_retries|:|host_max_oids|:|host_snmp_community|:|host_snmp_username|:|host_snmp_password|:|host_snmp_auth_protocol|:|host_snmp_priv_passphrase|:|host_snmp_priv_protocol|:|host_snmp_context|</arg_prepend>
	<arg_index>index</arg_index>
	<arg_query>query</arg_query>
	<arg_get>get</arg_get>
	<arg_num_indexes>num_indexes</arg_num_indexes>
	<output_delimeter>!</output_delimeter>
	<index_order>hwBladeIndex</index_order>
	<index_order_type>numeric</index_order_type>
	<index_title_format>Blade CPU#|chosen_order_field|</index_title_format>

	<fields>
		<hwBladeIndex>
			<name>Blade Index Number</name>
			<direction>input</direction>
			<query_name>index</query_name>
		</hwBladeIndex>

		<hwCPUUsage>
			<name>Processor Usage</name>
			<direction>output</direction>
			<query_name>usage</query_name>
		</hwCPUUsage>
	</fields>
</interface>
